-- MySQL dump 10.13  Distrib 8.0.28, for Linux (x86_64)
--
-- Host: localhost    Database: ropk
-- ------------------------------------------------------
-- Server version	8.0.28

/*!40101 SET @OLD_CHARACTER_SET_CLIENT=@@CHARACTER_SET_CLIENT */;
/*!40101 SET @OLD_CHARACTER_SET_RESULTS=@@CHARACTER_SET_RESULTS */;
/*!40101 SET @OLD_COLLATION_CONNECTION=@@COLLATION_CONNECTION */;
/*!50503 SET NAMES utf8mb4 */;
/*!40103 SET @OLD_TIME_ZONE=@@TIME_ZONE */;
/*!40103 SET TIME_ZONE='+00:00' */;
/*!40014 SET @OLD_UNIQUE_CHECKS=@@UNIQUE_CHECKS, UNIQUE_CHECKS=0 */;
/*!40014 SET @OLD_FOREIGN_KEY_CHECKS=@@FOREIGN_KEY_CHECKS, FOREIGN_KEY_CHECKS=0 */;
/*!40101 SET @OLD_SQL_MODE=@@SQL_MODE, SQL_MODE='NO_AUTO_VALUE_ON_ZERO' */;
/*!40111 SET @OLD_SQL_NOTES=@@SQL_NOTES, SQL_NOTES=0 */;

--
-- Table structure for table `admins_sait`
--

DROP TABLE IF EXISTS `admins_sait`;
/*!40101 SET @saved_cs_client     = @@character_set_client */;
/*!50503 SET character_set_client = utf8mb4 */;
CREATE TABLE `admins_sait` (
  `id` int NOT NULL AUTO_INCREMENT,
  `login` text,
  `password` text,
  PRIMARY KEY (`id`)
) ENGINE=InnoDB AUTO_INCREMENT=2 DEFAULT CHARSET=utf8mb4 COLLATE=utf8mb4_0900_ai_ci;
/*!40101 SET character_set_client = @saved_cs_client */;

--
-- Dumping data for table `admins_sait`
--

LOCK TABLES `admins_sait` WRITE;
/*!40000 ALTER TABLE `admins_sait` DISABLE KEYS */;
INSERT INTO `admins_sait` VALUES (1,'admin','pbkdf2:sha256:260000$d9VYKu18p51eJNWh$911ae8121a4e0ea3c8db44dc0c14aef06824432b934a9c03a201182fb87843d6');
/*!40000 ALTER TABLE `admins_sait` ENABLE KEYS */;
UNLOCK TABLES;

--
-- Table structure for table `bot_user`
--

DROP TABLE IF EXISTS `bot_user`;
/*!40101 SET @saved_cs_client     = @@character_set_client */;
/*!50503 SET character_set_client = utf8mb4 */;
CREATE TABLE `bot_user` (
  `user_id` bigint unsigned NOT NULL,
  `id_group` int NOT NULL,
  `group1` int DEFAULT NULL,
  `group2` int DEFAULT NULL,
  `stikers1` text,
  `stikers2` text,
  `title` text,
  PRIMARY KEY (`user_id`)
) ENGINE=InnoDB DEFAULT CHARSET=utf8mb4 COLLATE=utf8mb4_0900_ai_ci;
/*!40101 SET character_set_client = @saved_cs_client */;

--
-- Dumping data for table `bot_user`
--

LOCK TABLES `bot_user` WRITE;
/*!40000 ALTER TABLE `bot_user` DISABLE KEYS */;
INSERT INTO `bot_user` VALUES (140762544,508,NULL,NULL,NULL,NULL,NULL),(153581519,9999741,NULL,NULL,NULL,NULL,NULL),(302902273,502,NULL,NULL,NULL,NULL,NULL),(350781899,503,NULL,NULL,NULL,NULL,NULL),(371307598,9999741,NULL,NULL,NULL,NULL,NULL),(396307792,514,NULL,NULL,NULL,NULL,NULL),(408663065,478,NULL,NULL,NULL,NULL,NULL),(409513187,539,NULL,NULL,NULL,NULL,NULL),(429072528,512,NULL,NULL,NULL,NULL,NULL),(478283554,515,NULL,NULL,NULL,NULL,NULL),(485723856,509,NULL,NULL,NULL,NULL,NULL),(498907069,505,NULL,NULL,NULL,NULL,NULL),(504960892,522,NULL,NULL,NULL,NULL,NULL),(519377038,513,NULL,NULL,NULL,NULL,NULL),(521454929,526,NULL,NULL,NULL,NULL,NULL),(530716819,505,NULL,NULL,NULL,NULL,NULL),(537318509,504,NULL,NULL,NULL,NULL,NULL),(540212754,515,NULL,NULL,NULL,NULL,NULL),(558634338,508,NULL,NULL,NULL,NULL,NULL),(604710547,507,NULL,NULL,NULL,NULL,NULL),(605325932,533,NULL,NULL,NULL,NULL,NULL),(615992856,527,NULL,NULL,NULL,NULL,NULL),(619295119,503,NULL,NULL,NULL,NULL,NULL),(620938957,514,NULL,NULL,NULL,NULL,NULL),(620997087,502,NULL,NULL,NULL,NULL,NULL),(621152356,522,NULL,NULL,NULL,NULL,NULL),(621165912,539,NULL,NULL,NULL,NULL,NULL),(628154635,513,NULL,NULL,NULL,NULL,NULL),(628384914,481,NULL,NULL,NULL,NULL,NULL),(629136914,529,NULL,NULL,NULL,NULL,NULL),(630809098,508,NULL,NULL,NULL,NULL,NULL),(632585654,512,NULL,NULL,NULL,NULL,NULL),(633148240,508,NULL,NULL,NULL,NULL,NULL),(636873953,524,NULL,NULL,NULL,NULL,NULL),(638461409,521,NULL,NULL,NULL,NULL,NULL),(639828765,527,NULL,NULL,NULL,NULL,NULL),(646857332,509,NULL,NULL,NULL,NULL,NULL),(651391536,497,NULL,NULL,NULL,NULL,NULL),(663156556,491,NULL,NULL,NULL,NULL,NULL),(668121267,478,NULL,NULL,NULL,NULL,NULL),(686080573,525,NULL,NULL,NULL,NULL,NULL),(692676383,508,NULL,NULL,NULL,NULL,NULL),(692707551,516,NULL,NULL,NULL,NULL,NULL),(700102435,535,NULL,NULL,NULL,NULL,NULL),(703562634,524,NULL,NULL,NULL,NULL,NULL),(704029259,509,NULL,NULL,NULL,NULL,NULL),(706178240,534,NULL,NULL,NULL,NULL,NULL),(706754930,521,NULL,NULL,NULL,NULL,NULL),(707647799,515,NULL,NULL,NULL,NULL,NULL),(708826237,480,NULL,NULL,NULL,NULL,NULL),(708927613,515,NULL,NULL,NULL,NULL,NULL),(712351322,508,NULL,NULL,NULL,NULL,NULL),(716817557,508,NULL,NULL,NULL,NULL,NULL),(721105664,522,NULL,NULL,NULL,NULL,NULL),(725541622,508,NULL,NULL,NULL,NULL,NULL),(727463111,526,NULL,NULL,NULL,NULL,NULL),(727999124,529,NULL,NULL,NULL,NULL,NULL),(728119910,520,NULL,NULL,NULL,NULL,NULL),(733761788,527,NULL,NULL,NULL,NULL,NULL),(734049865,520,NULL,NULL,NULL,NULL,NULL),(734179937,527,NULL,NULL,NULL,NULL,NULL),(735831318,502,NULL,NULL,NULL,NULL,NULL),(736512380,534,NULL,NULL,NULL,NULL,NULL),(736604721,527,NULL,NULL,NULL,NULL,NULL),(741254475,456,NULL,NULL,NULL,NULL,NULL),(744492403,508,NULL,NULL,NULL,NULL,NULL),(745376387,516,NULL,NULL,NULL,NULL,NULL),(753637448,523,NULL,NULL,NULL,NULL,NULL),(753718658,513,NULL,NULL,NULL,NULL,NULL),(756942684,523,NULL,NULL,NULL,NULL,NULL),(762606265,509,NULL,NULL,NULL,NULL,NULL),(763304686,514,NULL,NULL,NULL,NULL,NULL),(765796601,511,NULL,NULL,NULL,NULL,NULL),(766247984,511,NULL,NULL,NULL,NULL,NULL),(768542069,528,NULL,NULL,NULL,NULL,NULL),(770052303,510,NULL,NULL,NULL,NULL,NULL),(771327718,516,NULL,NULL,NULL,NULL,NULL),(773095910,520,NULL,NULL,NULL,NULL,NULL),(773255760,515,NULL,NULL,NULL,NULL,NULL),(778910807,505,NULL,NULL,NULL,NULL,NULL),(779460685,511,NULL,NULL,NULL,NULL,NULL),(780431318,504,NULL,NULL,NULL,NULL,NULL),(780901476,511,NULL,NULL,NULL,NULL,NULL),(782120662,525,NULL,NULL,NULL,NULL,NULL),(783560680,493,NULL,NULL,NULL,NULL,NULL),(791217255,497,NULL,NULL,NULL,NULL,NULL),(792120534,506,NULL,NULL,NULL,NULL,NULL),(793812039,515,NULL,NULL,NULL,NULL,NULL),(795240368,536,NULL,NULL,NULL,NULL,NULL),(798319629,536,NULL,NULL,NULL,NULL,NULL),(800317167,522,NULL,NULL,NULL,NULL,NULL),(801161102,521,NULL,NULL,NULL,NULL,NULL),(802578613,524,NULL,NULL,NULL,NULL,NULL),(803279165,520,NULL,NULL,NULL,NULL,NULL),(805209768,533,NULL,NULL,NULL,NULL,NULL),(806825448,502,NULL,NULL,NULL,NULL,NULL),(808322681,505,NULL,NULL,NULL,NULL,NULL),(809299438,508,NULL,NULL,NULL,NULL,NULL),(809667442,532,NULL,NULL,NULL,NULL,NULL),(820987894,528,NULL,NULL,NULL,NULL,NULL),(823177049,520,NULL,NULL,NULL,NULL,NULL),(825785675,505,NULL,NULL,NULL,NULL,NULL),(828122637,527,NULL,NULL,NULL,NULL,NULL),(832054573,536,NULL,NULL,NULL,NULL,NULL),(833284465,534,NULL,NULL,NULL,NULL,NULL),(833990822,533,NULL,NULL,NULL,NULL,NULL),(835778622,533,NULL,NULL,NULL,NULL,NULL),(839201544,508,NULL,NULL,NULL,NULL,NULL),(847764725,527,NULL,NULL,NULL,NULL,NULL),(851856564,522,NULL,NULL,NULL,NULL,NULL),(852402862,526,NULL,NULL,NULL,NULL,NULL),(854389086,529,NULL,NULL,NULL,NULL,NULL),(856401497,521,NULL,NULL,NULL,NULL,NULL),(858950445,508,NULL,NULL,NULL,NULL,NULL),(859863643,523,NULL,NULL,NULL,NULL,NULL),(863322125,536,NULL,NULL,NULL,NULL,NULL),(867143048,522,NULL,NULL,NULL,NULL,NULL),(871028626,512,NULL,NULL,NULL,NULL,NULL),(872626546,524,NULL,NULL,NULL,NULL,NULL),(877469012,497,NULL,NULL,NULL,NULL,NULL),(880587152,529,NULL,NULL,NULL,NULL,NULL),(881265709,511,NULL,NULL,NULL,NULL,NULL),(881930335,505,NULL,NULL,NULL,NULL,NULL),(883224037,509,NULL,NULL,NULL,NULL,NULL),(883764847,516,NULL,NULL,NULL,NULL,NULL),(885143472,503,NULL,NULL,NULL,NULL,NULL),(886659336,525,NULL,NULL,NULL,NULL,NULL),(886869347,497,NULL,NULL,NULL,NULL,NULL),(891353117,502,NULL,NULL,NULL,NULL,NULL),(893611827,521,NULL,NULL,NULL,NULL,NULL),(895521253,520,NULL,NULL,NULL,NULL,NULL),(895840789,534,NULL,NULL,NULL,NULL,NULL),(895920870,529,NULL,NULL,NULL,NULL,NULL),(895925665,523,NULL,NULL,NULL,NULL,NULL),(896758880,513,NULL,NULL,NULL,NULL,NULL),(899380220,522,NULL,NULL,NULL,NULL,NULL),(904040159,497,NULL,NULL,NULL,NULL,NULL),(904306355,507,NULL,NULL,NULL,NULL,NULL),(907527569,523,NULL,NULL,NULL,NULL,NULL),(908322555,514,NULL,NULL,NULL,NULL,NULL),(909534421,524,NULL,NULL,NULL,NULL,NULL),(910052468,528,NULL,NULL,NULL,NULL,NULL),(915290669,516,NULL,NULL,NULL,NULL,NULL),(917918167,508,NULL,NULL,NULL,NULL,NULL),(919213855,514,NULL,NULL,NULL,NULL,NULL),(920785788,507,NULL,NULL,NULL,NULL,NULL),(931272774,514,NULL,NULL,NULL,NULL,NULL),(934615334,511,NULL,NULL,NULL,NULL,NULL),(939479213,534,NULL,NULL,NULL,NULL,NULL),(941359796,536,NULL,NULL,NULL,NULL,NULL),(943065762,511,NULL,NULL,NULL,NULL,NULL),(952388475,525,NULL,NULL,NULL,NULL,NULL),(952479287,511,NULL,NULL,NULL,NULL,NULL),(954772788,507,NULL,NULL,NULL,NULL,NULL),(955056303,520,NULL,NULL,NULL,NULL,NULL),(958432409,533,NULL,NULL,NULL,NULL,NULL),(964323569,522,NULL,NULL,NULL,NULL,NULL),(966723022,514,NULL,NULL,NULL,NULL,NULL),(968153991,511,NULL,NULL,NULL,NULL,NULL),(968604636,505,NULL,NULL,NULL,NULL,NULL),(969721833,533,NULL,NULL,NULL,NULL,NULL),(969874786,513,NULL,NULL,NULL,NULL,NULL),(970013795,505,NULL,NULL,NULL,NULL,NULL),(975187507,520,NULL,NULL,NULL,NULL,NULL),(975980524,509,NULL,NULL,NULL,NULL,NULL),(977425882,507,NULL,NULL,NULL,NULL,NULL),(978162570,509,NULL,NULL,NULL,NULL,NULL),(980364935,523,NULL,NULL,NULL,NULL,NULL),(982316660,521,NULL,NULL,NULL,NULL,NULL),(984874138,536,NULL,NULL,NULL,NULL,NULL),(987927275,502,NULL,NULL,NULL,NULL,NULL),(988387916,505,NULL,NULL,NULL,NULL,NULL),(989055713,506,NULL,NULL,NULL,NULL,NULL),(991028652,521,NULL,NULL,NULL,NULL,NULL),(991244258,524,NULL,NULL,NULL,NULL,NULL),(997099182,523,NULL,NULL,NULL,NULL,NULL),(998443510,529,NULL,NULL,NULL,NULL,NULL),(1000336354,511,NULL,NULL,NULL,NULL,NULL),(1004335091,521,NULL,NULL,NULL,NULL,NULL),(1004477544,522,NULL,NULL,NULL,NULL,NULL),(1004983522,524,NULL,NULL,NULL,NULL,NULL),(1009012159,505,NULL,NULL,NULL,NULL,NULL),(1012258956,534,NULL,NULL,NULL,NULL,NULL),(1012662917,527,NULL,NULL,NULL,NULL,NULL),(1012697469,536,NULL,NULL,NULL,NULL,NULL),(1013131672,497,NULL,NULL,NULL,NULL,NULL),(1013428674,515,NULL,NULL,NULL,NULL,NULL),(1016209569,514,NULL,NULL,NULL,NULL,NULL),(1017827233,502,NULL,NULL,NULL,NULL,NULL),(1018449712,513,NULL,NULL,NULL,NULL,NULL),(1018898768,536,NULL,NULL,NULL,NULL,NULL),(1019448149,522,NULL,NULL,NULL,NULL,NULL),(1021822300,536,NULL,NULL,NULL,NULL,NULL),(1022864042,534,NULL,NULL,NULL,NULL,NULL),(1024217096,503,NULL,NULL,NULL,NULL,NULL),(1025307991,539,NULL,NULL,NULL,NULL,NULL),(1026278530,527,NULL,NULL,NULL,NULL,NULL),(1030446842,521,NULL,NULL,NULL,NULL,NULL),(1032351153,508,NULL,NULL,NULL,NULL,NULL),(1033987377,522,NULL,NULL,NULL,NULL,NULL),(1034264561,536,NULL,NULL,NULL,NULL,NULL),(1034883980,529,NULL,NULL,NULL,NULL,NULL),(1036313264,509,NULL,NULL,NULL,NULL,NULL),(1037079756,536,NULL,NULL,NULL,NULL,NULL),(1037981891,524,NULL,NULL,NULL,NULL,NULL),(1038550613,497,NULL,NULL,NULL,NULL,NULL),(1038933845,463,NULL,NULL,NULL,NULL,NULL),(1038995414,522,NULL,NULL,NULL,NULL,NULL),(1040266271,521,NULL,NULL,NULL,NULL,NULL),(1040472609,521,NULL,NULL,NULL,NULL,NULL),(1042739266,539,NULL,NULL,NULL,NULL,NULL),(1043005994,513,NULL,NULL,NULL,NULL,NULL),(1045932555,512,NULL,NULL,NULL,NULL,NULL),(1046825759,509,NULL,NULL,NULL,NULL,NULL),(1047110572,513,NULL,NULL,NULL,NULL,NULL),(1047863987,520,NULL,NULL,NULL,NULL,NULL),(1049789197,532,NULL,NULL,NULL,NULL,NULL),(1051544530,534,NULL,NULL,NULL,NULL,NULL),(1051912674,514,NULL,NULL,NULL,NULL,NULL),(1054919586,534,NULL,NULL,NULL,NULL,NULL),(1058077196,533,NULL,NULL,NULL,NULL,NULL),(1059381365,497,NULL,NULL,NULL,NULL,NULL),(1060821138,532,NULL,NULL,NULL,NULL,NULL),(1061081715,9999845,NULL,NULL,NULL,NULL,NULL),(1061528842,526,NULL,NULL,NULL,NULL,NULL),(1063318597,532,NULL,NULL,NULL,NULL,NULL),(1063617572,509,NULL,NULL,NULL,NULL,NULL),(1063803817,514,NULL,NULL,NULL,NULL,NULL),(1065002429,524,NULL,NULL,NULL,NULL,NULL),(1066799287,511,NULL,NULL,NULL,NULL,NULL),(1067418401,511,NULL,NULL,NULL,NULL,NULL),(1073993429,514,NULL,NULL,NULL,NULL,NULL),(1074808126,503,NULL,NULL,NULL,NULL,NULL),(1077484670,532,NULL,NULL,NULL,NULL,NULL),(1079541142,506,NULL,NULL,NULL,NULL,NULL),(1080284529,536,NULL,NULL,NULL,NULL,NULL),(1082035225,526,NULL,NULL,NULL,NULL,NULL),(1086845355,523,NULL,NULL,NULL,NULL,NULL),(1087780849,535,NULL,NULL,NULL,NULL,NULL),(1107200421,514,NULL,NULL,NULL,NULL,NULL),(1110094294,524,NULL,NULL,NULL,NULL,NULL),(1111137335,525,NULL,NULL,NULL,NULL,NULL),(1111927025,514,NULL,NULL,NULL,NULL,NULL),(1114820775,534,NULL,NULL,NULL,NULL,NULL),(1119839345,521,NULL,NULL,NULL,NULL,NULL),(1123614337,522,NULL,NULL,NULL,NULL,NULL),(1135056193,526,NULL,NULL,NULL,NULL,NULL),(1135624732,532,NULL,NULL,NULL,NULL,NULL),(1137552337,509,NULL,NULL,NULL,NULL,NULL),(1154487517,507,NULL,NULL,NULL,NULL,NULL),(1162299607,516,NULL,NULL,NULL,NULL,NULL),(1171695924,525,NULL,NULL,NULL,NULL,NULL),(1178343065,507,NULL,NULL,NULL,NULL,NULL),(1185685679,527,NULL,NULL,NULL,NULL,NULL),(1189919406,527,NULL,NULL,NULL,NULL,NULL),(1195954385,533,NULL,NULL,NULL,NULL,NULL),(1196033422,536,NULL,NULL,NULL,NULL,NULL),(1196062397,522,NULL,NULL,NULL,NULL,NULL),(1196622485,511,NULL,NULL,NULL,NULL,NULL),(1196768953,478,NULL,NULL,NULL,NULL,NULL),(1208325077,497,NULL,NULL,NULL,NULL,NULL),(1214839398,522,NULL,NULL,NULL,NULL,NULL),(1216777237,9999806,NULL,NULL,NULL,NULL,NULL),(1217218205,524,NULL,NULL,NULL,NULL,NULL),(1219513498,523,NULL,NULL,NULL,NULL,NULL),(1228727049,525,NULL,NULL,NULL,NULL,NULL),(1235671366,522,NULL,NULL,NULL,NULL,NULL),(1237757690,521,NULL,NULL,NULL,NULL,NULL),(1242047731,504,NULL,NULL,NULL,NULL,NULL),(1243015479,539,NULL,NULL,NULL,NULL,NULL),(1269296921,512,NULL,NULL,NULL,NULL,NULL),(1276282404,533,NULL,NULL,NULL,NULL,NULL),(1276332686,523,NULL,NULL,NULL,NULL,NULL),(1277876902,525,NULL,NULL,NULL,NULL,NULL),(1278714635,535,NULL,NULL,NULL,NULL,NULL),(1281019671,523,NULL,NULL,NULL,NULL,NULL),(1284557951,508,NULL,NULL,NULL,NULL,NULL),(1292919316,520,NULL,NULL,NULL,NULL,NULL),(1293259898,505,NULL,NULL,NULL,NULL,NULL),(1301359607,522,NULL,NULL,NULL,NULL,NULL),(1302348844,514,NULL,NULL,NULL,NULL,NULL),(1305802198,524,NULL,NULL,NULL,NULL,NULL),(1308104142,536,NULL,NULL,NULL,NULL,NULL),(1312570974,533,NULL,NULL,NULL,NULL,NULL),(1315525367,515,NULL,NULL,NULL,NULL,NULL),(1321958052,497,NULL,NULL,NULL,NULL,NULL),(1324202034,528,NULL,NULL,NULL,NULL,NULL),(1329334436,524,NULL,NULL,NULL,NULL,NULL),(1330886439,511,NULL,NULL,NULL,NULL,NULL),(1336082123,534,NULL,NULL,NULL,NULL,NULL),(1336876719,523,NULL,NULL,NULL,NULL,NULL),(1339094888,527,NULL,NULL,NULL,NULL,NULL),(1341185670,514,NULL,NULL,NULL,NULL,NULL),(1343025583,490,NULL,NULL,NULL,NULL,NULL),(1347493862,521,NULL,NULL,NULL,NULL,NULL),(1348911828,528,NULL,NULL,NULL,NULL,NULL),(1354472013,494,NULL,NULL,NULL,NULL,NULL),(1355326370,506,NULL,NULL,NULL,NULL,NULL),(1383934101,511,NULL,NULL,NULL,NULL,NULL),(1385204907,9999818,NULL,NULL,NULL,NULL,NULL),(1388289140,513,NULL,NULL,NULL,NULL,NULL),(1391144191,505,NULL,NULL,NULL,NULL,NULL),(1395621387,522,NULL,NULL,NULL,NULL,NULL),(1398885544,520,NULL,NULL,NULL,NULL,NULL),(1400258791,503,NULL,NULL,NULL,NULL,NULL),(1409547803,512,NULL,NULL,NULL,NULL,NULL),(1412863032,507,NULL,NULL,NULL,NULL,NULL),(1416165907,520,NULL,NULL,NULL,NULL,NULL),(1420295518,515,NULL,NULL,NULL,NULL,NULL),(1428370503,514,NULL,NULL,NULL,NULL,NULL),(1430016712,9999924,NULL,NULL,NULL,NULL,NULL),(1432144513,523,NULL,NULL,NULL,NULL,NULL),(1436574601,536,NULL,NULL,NULL,NULL,NULL),(1450012903,523,NULL,NULL,NULL,NULL,NULL),(1452568345,535,NULL,NULL,NULL,NULL,NULL),(1454123781,534,NULL,NULL,NULL,NULL,NULL),(1458568183,533,NULL,NULL,NULL,NULL,NULL),(1461216042,525,NULL,NULL,NULL,NULL,NULL),(1463696330,507,NULL,NULL,NULL,NULL,NULL),(1472340067,526,NULL,NULL,NULL,NULL,NULL),(1481398666,525,NULL,NULL,NULL,NULL,NULL),(1493437527,536,NULL,NULL,NULL,NULL,NULL),(1535405008,510,NULL,NULL,NULL,NULL,NULL),(1544486847,523,NULL,NULL,NULL,NULL,NULL),(1544645324,511,NULL,NULL,NULL,NULL,NULL),(1555693836,9999865,NULL,NULL,NULL,NULL,NULL),(1561230054,478,NULL,NULL,NULL,NULL,NULL),(1581164123,515,NULL,NULL,NULL,NULL,NULL),(1582137356,533,NULL,NULL,NULL,NULL,NULL),(1601199098,529,NULL,NULL,NULL,NULL,NULL),(1604735756,535,NULL,NULL,NULL,NULL,NULL),(1611351282,529,NULL,NULL,NULL,NULL,NULL),(1612175774,521,NULL,NULL,NULL,NULL,NULL),(1620357222,522,NULL,NULL,NULL,NULL,NULL),(1628414595,512,NULL,NULL,NULL,NULL,NULL),(1630023630,502,NULL,NULL,NULL,NULL,NULL),(1693419157,525,NULL,NULL,NULL,NULL,NULL),(1697979936,525,NULL,NULL,NULL,NULL,NULL),(1699481338,515,NULL,NULL,NULL,NULL,NULL),(1714115179,503,NULL,NULL,NULL,NULL,NULL),(1722307727,515,NULL,NULL,NULL,NULL,NULL),(1724648459,503,NULL,NULL,NULL,NULL,NULL),(1731420189,532,NULL,NULL,NULL,NULL,NULL),(1736450933,523,NULL,NULL,NULL,NULL,NULL),(1736946634,514,NULL,NULL,NULL,NULL,NULL),(1742291407,534,NULL,NULL,NULL,NULL,NULL),(1745529439,520,NULL,NULL,NULL,NULL,NULL),(1756260284,526,NULL,NULL,NULL,NULL,NULL),(1758256261,512,NULL,NULL,NULL,NULL,NULL),(1761274886,505,NULL,NULL,NULL,NULL,NULL),(1764165918,522,NULL,NULL,NULL,NULL,NULL),(1778496396,507,NULL,NULL,NULL,NULL,NULL),(1800139407,999949,NULL,NULL,NULL,NULL,NULL),(1810702757,533,NULL,NULL,NULL,NULL,NULL),(1813647425,524,NULL,NULL,NULL,NULL,NULL),(1815152457,99999,NULL,NULL,NULL,NULL,NULL),(1815453283,520,NULL,NULL,NULL,NULL,NULL),(1820066483,521,NULL,NULL,NULL,NULL,NULL),(1827765845,527,NULL,NULL,NULL,NULL,NULL),(1831228182,522,NULL,NULL,NULL,NULL,NULL),(1841427079,503,NULL,NULL,NULL,NULL,NULL),(1845291653,526,NULL,NULL,NULL,NULL,NULL),(1852078538,515,NULL,NULL,NULL,NULL,NULL),(1855213482,497,NULL,NULL,NULL,NULL,NULL),(1879655195,503,NULL,NULL,NULL,NULL,NULL),(1886137819,525,NULL,NULL,NULL,NULL,NULL),(1890706836,523,NULL,NULL,NULL,NULL,NULL),(1898228658,523,NULL,NULL,NULL,NULL,NULL),(1904354604,505,NULL,NULL,NULL,NULL,NULL),(1915671742,490,NULL,NULL,NULL,NULL,NULL),(1916398130,521,NULL,NULL,NULL,NULL,NULL),(1917275893,520,NULL,NULL,NULL,NULL,NULL),(1923951838,503,NULL,NULL,NULL,NULL,NULL),(1957239551,512,NULL,NULL,NULL,NULL,NULL),(1962622312,525,NULL,NULL,NULL,NULL,NULL),(1965479455,999910,NULL,NULL,NULL,NULL,NULL),(1969464292,535,NULL,NULL,NULL,NULL,NULL),(1989984331,534,NULL,NULL,NULL,NULL,NULL),(1991299821,529,NULL,NULL,NULL,NULL,NULL),(2028351786,520,NULL,NULL,NULL,NULL,NULL),(2038384674,522,NULL,NULL,NULL,NULL,NULL),(2045538154,999923,NULL,NULL,NULL,NULL,NULL),(2047687781,523,NULL,NULL,NULL,NULL,NULL),(2061429349,503,NULL,NULL,NULL,NULL,NULL),(2065492691,9999852,NULL,NULL,NULL,NULL,NULL),(2106001992,505,NULL,NULL,NULL,NULL,NULL),(2123755114,536,NULL,NULL,NULL,NULL,NULL),(2142480593,528,NULL,NULL,NULL,NULL,NULL),(5017717061,527,NULL,NULL,NULL,NULL,NULL),(5023016165,523,NULL,NULL,NULL,NULL,NULL),(5027434222,9999743,NULL,NULL,NULL,NULL,NULL),(5031449671,522,NULL,NULL,NULL,NULL,NULL),(5036043980,513,NULL,NULL,NULL,NULL,NULL),(5039363644,535,NULL,NULL,NULL,NULL,NULL),(5044902990,507,NULL,NULL,NULL,NULL,NULL),(5053605895,503,NULL,NULL,NULL,NULL,NULL),(5062742654,516,NULL,NULL,NULL,NULL,NULL),(5069528232,527,NULL,NULL,NULL,NULL,NULL),(5100381164,529,NULL,NULL,NULL,NULL,NULL),(5101909884,536,NULL,NULL,NULL,NULL,NULL),(5106588250,524,NULL,NULL,NULL,NULL,NULL),(5119099267,534,NULL,NULL,NULL,NULL,NULL),(5120013215,507,NULL,NULL,NULL,NULL,NULL),(5144665544,9999779,NULL,NULL,NULL,NULL,NULL),(5151094713,509,NULL,NULL,NULL,NULL,NULL),(5154712791,9999770,NULL,NULL,NULL,NULL,NULL),(5156707689,999953,NULL,NULL,NULL,NULL,NULL),(5161923483,9999717,NULL,NULL,NULL,NULL,NULL),(5188122187,9999928,NULL,NULL,NULL,NULL,NULL),(5191531558,478,NULL,NULL,NULL,NULL,NULL),(5192669987,527,NULL,NULL,NULL,NULL,NULL),(5263176364,9999740,NULL,NULL,NULL,NULL,NULL),(5271547819,508,NULL,NULL,NULL,NULL,NULL),(5298905334,504,NULL,NULL,NULL,NULL,NULL),(5311883927,535,NULL,NULL,NULL,NULL,NULL),(5355193032,536,NULL,NULL,NULL,NULL,NULL),(5382235001,503,NULL,NULL,NULL,NULL,NULL),(5383566631,9999765,NULL,NULL,NULL,NULL,NULL),(5597952475,529,NULL,NULL,NULL,NULL,NULL);
/*!40000 ALTER TABLE `bot_user` ENABLE KEYS */;
UNLOCK TABLES;

--
-- Table structure for table `opk_aud`
--

DROP TABLE IF EXISTS `opk_aud`;
/*!40101 SET @saved_cs_client     = @@character_set_client */;
/*!50503 SET character_set_client = utf8mb4 */;
CREATE TABLE `opk_aud` (
  `id` int NOT NULL AUTO_INCREMENT,
  `name` text NOT NULL,
  PRIMARY KEY (`id`)
) ENGINE=InnoDB AUTO_INCREMENT=119 DEFAULT CHARSET=utf8mb3;
/*!40101 SET character_set_client = @saved_cs_client */;

--
-- Dumping data for table `opk_aud`
--

LOCK TABLES `opk_aud` WRITE;
/*!40000 ALTER TABLE `opk_aud` DISABLE KEYS */;
INSERT INTO `opk_aud` VALUES (1,'103'),(2,'104'),(3,'105'),(4,'201'),(5,'204'),(6,'205'),(7,'206'),(8,'207'),(9,'208'),(10,'210'),(11,'211'),(12,'212'),(13,'213'),(14,'300'),(15,'301'),(16,'302'),(17,'303'),(18,'304'),(19,'305'),(20,'306'),(21,'307'),(22,'308'),(23,'309'),(24,'310'),(25,'311'),(26,'312'),(27,'313'),(28,'314'),(29,'315'),(30,'316'),(31,'400'),(32,'401'),(33,'402'),(34,'403'),(35,'405'),(36,'406'),(37,'407'),(38,'408'),(39,'409'),(40,'410'),(41,'411'),(42,'412'),(43,'413'),(44,'414'),(45,'415'),(46,'416'),(47,'417'),(48,'с-з'),(49,'101'),(50,'102'),(51,'200'),(52,'203'),(53,'МИСиС'),(54,'301/2'),(55,'302/2'),(56,'309/2'),(57,'311/2'),(58,'312/2'),(59,'313/2'),(60,'308/2'),(61,'303/2'),(64,'305/2'),(65,'304/2'),(66,'310/2'),(67,'501/2'),(68,'502/2'),(69,'503/2'),(70,'507/2'),(71,'509/2'),(72,'510/2'),(73,'511/2'),(74,'512/2'),(75,'505/2'),(76,'524/2'),(77,'401/2'),(78,'402/2'),(79,'403/2'),(80,'404/2'),(81,'405/2'),(82,'407/2'),(83,'409/2'),(84,'412/2'),(85,'404-М'),(86,'405-М'),(87,'406-М'),(88,'408-М'),(89,'417-М'),(90,'205/1'),(91,'206/1'),(92,'201/2'),(93,'204/2'),(94,'213/2'),(95,'313-M'),(96,'Мас/2'),(97,'108/3'),(98,'Акт.з'),(99,'Чит.з'),(100,'М 1/2'),(101,'М 2/2'),(102,'М 3/2'),(103,'107/1'),(104,'Teams'),(105,'Can-s'),(106,'Полигон 1'),(107,'Полигон 2'),(108,'Тр. зал'),(109,'ФОК'),(110,'предпр.'),(111,'508/3к'),(112,'404'),(113,'303б'),(114,'102-1'),(115,'202/2'),(116,'203/2'),(117,'202'),(118,'209');
/*!40000 ALTER TABLE `opk_aud` ENABLE KEYS */;
UNLOCK TABLES;

--
-- Table structure for table `opk_group`
--

DROP TABLE IF EXISTS `opk_group`;
/*!40101 SET @saved_cs_client     = @@character_set_client */;
/*!50503 SET character_set_client = utf8mb4 */;
CREATE TABLE `opk_group` (
  `id` int NOT NULL AUTO_INCREMENT,
  `id_spec` int NOT NULL,
  `name_group` text NOT NULL,
  PRIMARY KEY (`id`)
) ENGINE=InnoDB AUTO_INCREMENT=556 DEFAULT CHARSET=utf8mb3;
/*!40101 SET character_set_client = @saved_cs_client */;

--
-- Dumping data for table `opk_group`
--

LOCK TABLES `opk_group` WRITE;
/*!40000 ALTER TABLE `opk_group` DISABLE KEYS */;
INSERT INTO `opk_group` VALUES (456,26,'ТТО-18-1'),(457,6,'ТЭО-18-1'),(458,4,'ТМ-18-1'),(460,2,'МЧМ-18'),(461,3,'ОМД-18'),(463,27,'ИСП-18-1'),(466,28,'МТО-18'),(467,29,'ОСА-18-1'),(468,30,'УК-18-1'),(469,29,'ОСА-18-2'),(474,6,'ТЭО-18-2'),(476,27,'ИСП-18-3'),(477,27,'ИСП-18-2'),(478,27,'ИСП-19-1'),(479,27,'ИСП-19-2'),(480,27,'ИСП-19-3'),(481,30,'УК-19'),(482,1,'Э-19-2'),(483,26,'ТТО-19'),(484,2,'МЧМ-19'),(488,6,'ТЭО-19-1'),(489,6,'ТЭО-19-2'),(490,29,'ОСА-19-1'),(491,29,'ОСА-19-2'),(492,28,'МТО-19'),(493,4,'ТМ-19-2'),(494,27,'ИСП-19-4'),(497,3,'ОМД-19'),(502,27,'ИСП-20-1'),(503,27,'ИСП-20-2'),(504,27,'ИСП-20-3'),(505,29,'ОСА-20-1'),(506,2,'МЧМ-20'),(507,3,'ОМД-20'),(508,26,'ТТО-20'),(509,6,'ТЭО-20-1'),(510,4,'ТМ-20'),(511,30,'УК-20'),(512,1,'Э-20-1'),(513,27,'ИСП-20-4'),(514,29,'ОСА-20-2'),(515,6,'ТЭО-20-2'),(516,28,'МТО-20'),(520,27,'ИСП-21-1'),(521,2,'МЧМ-21'),(522,27,'ИСП-21-2'),(523,27,'ИСП-21-3'),(524,3,'ОМД-21'),(525,27,'ИСП-21-4'),(526,6,'ТЭО-21-1'),(527,6,'ТЭО-21-2'),(528,29,'ОСА-21-1'),(529,29,'ОСА-21-2'),(532,26,'ТТО-21'),(533,1,'Э-21'),(534,4,'ТМ-21'),(535,28,'МТО-21'),(536,30,'УК-21'),(539,1,'Э-20-2'),(540,27,'ИСП-22-1'),(541,27,'ИСП-22-2'),(542,27,'ИСП-22-3'),(543,27,'ИСП-22-4'),(544,4,'ТМ-22'),(545,28,'МТО-22'),(546,2,'МЧМ-22'),(547,1,'Э-22'),(548,30,'УК-22'),(549,6,'ТЭО-22-1'),(551,6,'ТЭО-22-2'),(552,26,'ТТО-22'),(553,3,'ОМД-22'),(554,29,'ОСА-22-1'),(555,29,'ОСА-22-2');
/*!40000 ALTER TABLE `opk_group` ENABLE KEYS */;
UNLOCK TABLES;

--
-- Table structure for table `opk_sotr`
--

DROP TABLE IF EXISTS `opk_sotr`;
/*!40101 SET @saved_cs_client     = @@character_set_client */;
/*!50503 SET character_set_client = utf8mb4 */;
CREATE TABLE `opk_sotr` (
  `id` int NOT NULL,
  `name` text,
  PRIMARY KEY (`id`)
) ENGINE=InnoDB DEFAULT CHARSET=utf8mb4 COLLATE=utf8mb4_0900_ai_ci;
/*!40101 SET character_set_client = @saved_cs_client */;

--
-- Dumping data for table `opk_sotr`
--

LOCK TABLES `opk_sotr` WRITE;
/*!40000 ALTER TABLE `opk_sotr` DISABLE KEYS */;
INSERT INTO `opk_sotr` VALUES (1,'Кондауров А. Т.'),(2,'Береговенко Е. Н.'),(3,'Павленков В. В.'),(5,'Гладких Л. А.'),(6,'Дерикот О. В.'),(7,'Котельникова М. П.'),(8,'Брендель В. П.'),(9,'Федотова И. Н.'),(10,'Горюнова М. В.'),(12,'Луценко С. И.'),(13,'Авдеева Н. Е.'),(15,'Климов И. М.'),(16,'Боярищев В. В.'),(18,'Макаренок О. Н.'),(20,'Рысева Л. П.'),(23,'Василевская Г. Н.'),(25,'Мышкова Н. И.'),(27,'Чеканова Н. Н.'),(29,'Старых Г. А.'),(39,'Подкопаева М. Г.'),(40,'Дегтяренко Г. П.'),(41,'Грачева А. В.'),(42,'Слободенюк Н. В.'),(43,'Спицына О. И.'),(44,'Гришина С. С.'),(48,'Сандакова И. С.'),(49,'Плохих Е. В.'),(53,'Коренькова Т. Н.'),(54,'Цымлянская В. С.'),(57,'Киреева Л. В.'),(58,'Щуров Г. А.'),(60,'Гусейнова Н. А.'),(65,'Горшков В. В.'),(74,'Кузьминова И. Н.'),(76,'Демба И. М.'),(93,'Ушакова Ю. А.'),(110,'Левченко Т. Н.'),(111,'-вакансия- . .'),(114,'Посохина М. И.'),(282,'Артемова О. В.'),(423,'Комаров В. И.'),(424,'Сафонов А. В.'),(468,'Черкасских М. С.'),(472,'Стародубцев Н. В.'),(516,'Черненко В. А.'),(572,'Павлова М. Л.'),(697,'Козлова Л. М.'),(717,'Ковалёва Л. Д.'),(718,'Травкина Е. А.'),(721,'Деряев А. Р.'),(727,'Проскурин А. А.'),(731,'Боровская И. В.'),(737,'Кубанева Е. А.'),(740,'Назарова О. И.'),(741,'Артюхина Д. Д.'),(743,'Константинова Т. А.'),(745,'Мельникова И. В.'),(747,'Лукьянов И. Е.'),(752,'Захарова О. Н.'),(754,'Маслов И. В.'),(755,'Иванова А. И.'),(757,'Сульдин Д. В.'),(759,'Брендель O. O.'),(764,'Пихтерева М. А.'),(765,'Амельчакова Е. А.'),(769,'Маликова С. А.'),(770,'Некрасова Е. В.'),(774,'Комарова Ю. В.'),(779,'Кравцова А. В.'),(784,'Казарцев В. О.'),(785,'Канайчева О. В.'),(790,'Захарова О. А.'),(793,'Шибалкина А. А.'),(795,'Михайленко Н. Л.'),(796,'Умеренкова Т. И.'),(798,'Казарцев В. О.'),(804,'Дегтяренко Г. П.'),(806,'Коврижных О. А.'),(811,'Ковалёв А. П.'),(818,'Семенов А. В.'),(820,'Соловцов О. В.'),(826,'Карпунина С. Ю.'),(830,'Цыгуль О. В.'),(833,'Подкопаева Н. В.'),(840,'Масалытина О. В.'),(843,'Азарова В. С.'),(845,'Полупанова И. И.'),(850,'Болгова Т. С.'),(852,'Богданова Е. Н.'),(859,'Сергеев А. В.'),(861,'Ткаченко А. Ю.'),(863,'Романова В. Н.'),(865,'Капустина И. В.'),(867,'Мельникова К. Э.'),(876,'Горожанкин Н. Н.'),(878,'Хархота Н. В.'),(879,'Канайчев Д. А.'),(884,'Рассулов А. Е.'),(885,'Березин О. И.'),(886,'Малахов С. Ю.'),(887,'Дурнев Н. С.'),(888,'Заречнев Д. С.'),(889,'Писаренко Д. .'),(891,'Соловцов С. В.'),(893,'Ноль А. В.'),(895,'Сальков В. А.'),(896,'- -. -.'),(898,'Уйгели Ф. Ю.'),(900,'Вакулин А. .'),(901,'Гущин В. С.'),(902,'Галушкин А. Ю.'),(903,'Карманов В. А.'),(904,'Долгих А. А.'),(905,'Павлова М. Л.'),(907,'Сотникова Е. В.'),(908,'Краснянский Я. А.'),(909,'Тукилев Ю. В.'),(910,'Гугнина А. В.'),(911,'Захарчук Л. Н.'),(912,'Звада Н. А.'),(913,'Саплина А. Е.'),(914,'Тулупов М. А.'),(916,'Рейш Е. А.'),(918,'Абилов О. Ю.'),(919,'Зотов С. Л.'),(920,'Малахова Н. Ю.'),(921,'Колесникова О. В.'),(922,'Громов С. А.'),(923,'Рощупкина Е. Н.'),(924,'Олеш Е. И.'),(925,'Кириченко В. А.'),(926,'Плохих А. В.'),(927,'Федорова Е. Н.'),(928,'Сорокина К. С.'),(930,'Набережных И. А.'),(931,'Головенченко Д. Б.'),(933,'Новиков Д. Э.'),(934,'Барсова А. А.'),(935,'Куркин Р. Р.'),(936,'Овчинникова А. С.'),(938,'Щетинина Е. А.'),(939,'Винюкова Т. В.'),(940,'Микрюков С. М.');
/*!40000 ALTER TABLE `opk_sotr` ENABLE KEYS */;
UNLOCK TABLES;

--
-- Table structure for table `opk_spec`
--

DROP TABLE IF EXISTS `opk_spec`;
/*!40101 SET @saved_cs_client     = @@character_set_client */;
/*!50503 SET character_set_client = utf8mb4 */;
CREATE TABLE `opk_spec` (
  `id` int NOT NULL AUTO_INCREMENT,
  `name` text NOT NULL,
  `nameSize` text NOT NULL,
  PRIMARY KEY (`id`)
) ENGINE=InnoDB AUTO_INCREMENT=31 DEFAULT CHARSET=utf8mb3;
/*!40101 SET character_set_client = @saved_cs_client */;

--
-- Dumping data for table `opk_spec`
--

LOCK TABLES `opk_spec` WRITE;
/*!40000 ALTER TABLE `opk_spec` DISABLE KEYS */;
INSERT INTO `opk_spec` VALUES (1,'Экономика и бухгалтерский учёт (по отраслям)','Э'),(2,'Металлургия чёрных металлов','МЧМ'),(3,'Обработка металлов давлением','ОМД'),(4,'Технология машиностроения','ТМ'),(6,'Техническая эксплуатация и обслуживание электрического и электромеханического оборудования (по отраслям)','ТЭО'),(26,'Теплоснабжение и теплотехническое оборудование','ТТО'),(27,'Информационные системы и программирование','ИСП'),(28,'Монтаж, техническое обслуживание и ремонт промышленного оборудования (по отраслям)','МТО'),(29,'Оснащение средствами автоматизации технологических процессов и производств (по отраслям)','ОСА'),(30,'Управление качеством продукции, процессов и услуг (по отраслям)','УК');
/*!40000 ALTER TABLE `opk_spec` ENABLE KEYS */;
UNLOCK TABLES;

--
-- Table structure for table `time`
--

DROP TABLE IF EXISTS `time`;
/*!40101 SET @saved_cs_client     = @@character_set_client */;
/*!50503 SET character_set_client = utf8mb4 */;
CREATE TABLE `time` (
  `id` int DEFAULT NULL,
  `title_column` text,
  `hourUP_b` text,
  `minutUP_b` text,
  `hourEND_b` text,
  `minutEND_b` text,
  `hourUP_s` text,
  `minutUP_s` text,
  `hourEND_s` text,
  `minutEND_s` text
) ENGINE=InnoDB DEFAULT CHARSET=utf8mb4 COLLATE=utf8mb4_0900_ai_ci;
/*!40101 SET character_set_client = @saved_cs_client */;

--
-- Dumping data for table `time`
--

LOCK TABLES `time` WRITE;
/*!40000 ALTER TABLE `time` DISABLE KEYS */;
INSERT INTO `time` VALUES (1,'1 пара','9','00','10','30','9','00','10','30'),(2,'2 пара','10','40','12','10','10','40','12','10'),(3,'перерыв','12','10','12','40','-1','-1','-1','-1'),(4,'3 пара','12','40','14','10','12','20','13','50'),(5,'перерыв','14','10','14','30','-1','-1','-1','-1'),(6,'4 пара','14','30','16','00','14','00','15','30'),(7,'5 пара','16','10','17','40','15','40','17','10'),(8,'6 пара','17','50','19','20','-1','-1','-1','-1');
/*!40000 ALTER TABLE `time` ENABLE KEYS */;
UNLOCK TABLES;
/*!40103 SET TIME_ZONE=@OLD_TIME_ZONE */;

/*!40101 SET SQL_MODE=@OLD_SQL_MODE */;
/*!40014 SET FOREIGN_KEY_CHECKS=@OLD_FOREIGN_KEY_CHECKS */;
/*!40014 SET UNIQUE_CHECKS=@OLD_UNIQUE_CHECKS */;
/*!40101 SET CHARACTER_SET_CLIENT=@OLD_CHARACTER_SET_CLIENT */;
/*!40101 SET CHARACTER_SET_RESULTS=@OLD_CHARACTER_SET_RESULTS */;
/*!40101 SET COLLATION_CONNECTION=@OLD_COLLATION_CONNECTION */;
/*!40111 SET SQL_NOTES=@OLD_SQL_NOTES */;

-- Dump completed on 2022-06-28  5:30:01
